000010,신한은행
000020,동화약품
000030,우리은행
000040,KR모터스
000050,경방
000060,메리츠화재
000070,삼양홀딩스
000080,하이트진로
000090,두산상사
000100,유한양행
000110,스탠다드차타드은행
000120,CJ대한통운
000130,한일은행
000140,하이트진로홀딩스
000150,두산
000160,대한중석
000170,LG금속
000180,성창기업지주
000200,대우중공업
000210,DL
000220,유유제약
000230,일동홀딩스
000240,한국앤컴퍼니
000250,삼천당제약
000270,기아
000280,동아건설
000300,대유플러스
000310,하이콘테그
000320,노루홀딩스
000330,두산백화
000360,삼환기업
000370,한화손해보험
000380,대아건설
000390,삼화페인트공업
000400,롯데손해보험
000420,로케트전기
000430,대원강업
000440,중앙에너비스
000450,한주통산
000470,그린손해보험
000480,조선내화
000490,대동
000500,가온전선
000510,태화
000520,삼일제약
000530,대한제지
000540,흥국화재
000550,삼덕제지
000570,금호건설
000590,CS홀딩스
000600,삼화실업
000610,제일화재해상보험
000640,동아쏘시오홀딩스
000650,천일고속
000660,SK하이닉스
000670,영풍
000680,LS네트웍스
000700,유수홀딩스
000720,현대건설
000730,서울교통공사
000760,이화산업
000790,씨앤상선
000800,경남기업
000810,삼성화재해상보험
000830,삼성물산
000840,한국벨트
000850,화천기공
000860,강남제비스코
000870,크롭사이언스
000880,한화
000890,보해양조
000900,강원산업
000910,유니온
000930,한화기계
000950,전방
000970,한국주철관공업
000980,극동건설
000990,DB하이텍
001000,신라섬유
001020,페이퍼코리아
001030,리젠트화재보험
001040,CJ
001060,JW중외제약
001070,대한방직
001080,만호제강
001090,동서호라이즌증권
001100,동양정밀
001110,대농
001120,LX인터내셔널
001130,대한제분
001140,국보
001150,서통
001160,신원제이엠씨
001170,장은증권
001190,마이크로닉스
001200,유진증권
001210,금호전기
001230,동국제강
001250,GS글로벌
001260,남광토건
001270,부국증권
001280,우리증권
001290,상상인증권
001300,제일모직
001310,풍림산업
001340,백광산업
001350,대한모방
001360,삼성제약
001370,FNC코오롱
001380,SG글로벌
001390,KG케미칼
001400,동산씨앤지
001420,태원물산
001430,세아베스틸
001440,대한전선
001450,현대해상
001460,BYC
001470,삼부토건
001490,천지산업
001500,현대차증권
001510,SK증권
001520,동양
001530,디아이동일
001540,안국약품
001550,조비
001560,제일연마
001570,금양
001580,신광기업
001590,일화모직공업
001600,서광건설산업
001610,두산식품
001620,케이비아이동국실업
001630,종근당홀딩스
001670,경남모직
001680,대상
001690,두산테크팩
001700,공영토건
001720,신영증권
001740,SK네트웍스
001750,한양증권
001770,SHD
001780,알루코
001790,대한제당
001800,오리온홀딩스
001810,무림SP
001820,삼화콘덴서공업
001830,동부일렉트로닉스
001840,이화공영
001850,임광토건
001880,DL건설
001890,영창악기제조
001910,영일케미컬
001920,한보철강공업
001930,효성물산
001940,KISCO홀딩스
001970,에스지신성건설
001980,대호
001990,자유건설
002000,한국유리공업
002010,삼성건설
002020,코오롱
002030,아세아
002050,경향건설
002070,비비안
002080,벽산개발
002100,경농
002130,피어리스
002140,고려산업
002150,도화엔지니어링
002170,삼양통상
002180,삼익건설
002190,우주건설
002200,한국수출포장공업
002210,동성제약
002220,한일철강
002230,피에스텍
002240,고려제강
002250,알보젠코리아
002270,롯데푸드
002290,삼일기업공사
002300,한국제지
002310,아세아제지
002320,한진
002340,유성
002350,넥센타이어
002360,SH에너지화학
002380,케이씨씨
002390,한독
002410,범양건영
002420,세기상사
002440,미원
002450,삼익악기
002460,화성산업
002470,동성
002480,범양사
002530,벽산건설
002540,고제
002550,KB손해보험
002580,삼미
002600,조흥
002610,LGEI
002620,제일파마홀딩스
002630,오리엔트바이오
002670,미주제강
002680,한탑
002690,동일제강
002700,신일전자
002710,TCC스틸
002720,국제약품
002730,고려증권
002740,동양화학공업
002750,피죤
002760,보락
002780,진흥기업
002790,아모레퍼시픽그룹
002800,신신제약
002810,삼영무역
002820,SUN&L
002830,삼능건설
002840,미원상사
002850,영풍산업
002860,하나은행
002870,신풍제지
002880,대유에이텍
002900,TYM
002910,진성레미컨
002920,유성기업
002930,삼도물산
002940,경동산업
002950,두산건설
002960,한국쉘석유
002990,금호건설
003000,부광약품
003010,혜인
003020,남양
003030,세아제강지주
003040,한일약품공업
003050,넥상스코리아
003060,에이프로젠제약
003070,코오롱글로벌
003080,성보화학
003090,대웅
003100,선광
003110,대일화학공업
003120,일성신약
003160,디아이
003190,알앤엘바이오
003200,일신방직
003220,대원제약
003230,삼양식품
003240,태광산업
003260,서광
003280,흥아해운
003290,엔케이텔레콤
003300,한일홀딩스
003310,대주산업
003320,신한증권
003330,하나IB
003350,한국화장품제조
003380,하림지주
003400,삼성신약
003410,쌍용씨앤이
003430,유진화학
003450,KB증권
003460,유화증권
003470,유안타증권
003480,한진중공업홀딩스
003490,대한항공
003500,한화폴리드리머
003520,영진약품
003530,한화투자증권
003540,대신증권
003550,LG
003560,아이에이치큐
003570,SNT중공업
003580,넥스트사이언스
003590,광덕물산
003600,SK
003610,방림
003620,쌍용자동차
003640,유니온스틸
003650,미창석유공업
003660,고려시멘트
003670,포스코케미칼
003680,한성기업
003690,코리안리
003700,비락
003720,삼영화학공업
003780,진양산업
003800,에이스침대
003810,대우
003830,대한화섬
003840,중원
003850,보령제약
003860,성담
003890,삼일공사
003900,해태유업
003920,남양유업
003930,부흥
003940,삼양제넥스
003960,사조대림
003970,동부산업
003980,한일합섬
003990,BHK
004000,롯데정밀화학
004010,롯데미도파
004020,현대제철
004060,SG세계물산
004080,신흥
004090,한국석유공업
004100,태양금속공업
004110,대선주조
004130,대덕GDS
004140,동방
004150,한솔홀딩스
004170,신세계
004190,스마텔
004200,고려개발
004210,한일방직
004230,세신
004250,엔피씨
004260,대성자원
004270,남성
004280,아시아차
004290,동방화공
004310,현대약품
004320,울트라건설
004330,진영산업
004350,한일양행의약품
004360,세방
004370,농심
004380,삼익THK
004390,오리온전기
004410,서울식품공업
004420,동국무역
004430,송원산업
004440,삼일씨엔에스
004450,삼화왕관
004460,고합
004480,동방전자
004490,세방전지
004510,디와이홀딩스
004520,삼호건설
004530,에스와이
004540,깨끗한나라
004550,대우송도개발
004560,현대비앤지스틸
004590,한국가구
004600,두산음료
004610,성화
004620,캠브리지코오롱
004650,창해에탄올
004660,신동방CP
004690,삼천리
004700,조광피혁
004710,한솔테크닉스
004720,팜젠사이언스
004730,진로식품
004740,보루네오가구
004750,삼우빅케치
004770,써니전자
004780,대륙제관
004790,렉스엘이앤지
004800,효성
004820,조인에너지
004830,덕성
004840,DRB동일
004870,티웨이홀딩스
004890,동일산업
004910,조광페인트
004920,씨아이테크
004940,하나은행
004960,한신공영
004970,신라교역
004980,성신양회
004990,롯데지주
005000,남선물산
005010,휴스틸
005020,장기은행
005030,부산주공
005040,두산기계
005060,대우통신
005070,코스모신소재
005090,SGC에너지
005100,쌍용제지
005110,한창
005160,동국산업
005180,빙그레
005190,동성화학
005250,녹십자홀딩스
005270,대구은행
005280,부산은행
005290,동진쎄미켐
005300,롯데칠성음료
005320,국동
005330,카스코
005350,봉신
005360,모나미
005370,원진
005380,현대자동차
005390,신성통상
005410,신광산업
005420,코스모화학
005430,한국공항
005440,현대그린푸드
005450,신한
005470,한국염공
005490,포스코
005500,삼진제약
005510,충청은행
005560,JS전선
005580,삼익주택
005600,중앙제지
005610,SPC삼립
005620,대성합동지주
005650,단암산업
005660,한진건설
005670,푸드웰
005680,삼영전자공업
005690,파미셀
005710,대원산업
005720,넥센
005740,크라운해태홀딩스
005750,대림비앤코
005760,위너스인프라인
005770,광주은행
005790,만도기계
005800,신영와코루
005810,풍산홀딩스
005820,원림
005830,DB손해보험
005850,에스엘
005860,한일사료
005870,휴니드테크놀러지스
005880,대한해운
005890,동원증권
005900,동양건설
005930,삼성전자
005940,NH투자증권
005950,이수화학
005960,동부건설
005980,성지건설
005990,매일홀딩스
006000,남송개발
006040,동원산업
006050,국영지앤엠
006060,화승인더스트리
006070,기린
006090,사조오양
006110,삼아알미늄
006120,SK디스커버리
006140,피제이전자
006150,한메NS
006160,신화건설
006200,한국전자홀딩스
006210,휴리프
006220,제주은행
006240,진도물산
006250,극동전선
006260,LS
006270,금성통신
006280,녹십자
006290,SK인천정유
006300,대전금고
006320,경기은행
006340,대원전선
006350,전북은행
006360,GS건설
006370,대구백화점
006380,카프로
006390,한일현대시멘트
006400,삼성SDI
006440,한일건설
006490,인스코비
006510,인켈
006520,형진건설
006540,한국금고
006570,대림통상
006580,대양제지
006590,강원은행
006600,동신제약
006610,경남은행
006620,동구바이오제약
006650,대한유화
006660,삼성공조
006730,서부T&D
006740,영풍제지
006750,센추리
006790,대상교역
006800,미래에셋증권
006840,AK홀딩스
006860,혜성테푸
006880,신송홀딩스
006890,태경케미컬
006900,요업개발
006910,보성파워텍
006920,모헨즈
006980,우성
007000,한주전자
007020,캡스
007050,유리이에스
007070,GS리테일
007090,대동금고
007100,호남식품
007110,일신석재
007120,미래아이앤지
007140,강남화성
007150,동양텔레콤
007160,사조산업
007170,기아차판매
007190,한솔아트원제지
007200,진흥저축은행
007210,벽산
007230,금성기전
007240,충북은행
007260,동화금고
007280,한국특강
007310,오뚜기
007330,푸른저축은행
007340,디티알오토모티브
007360,하나은행_피흡수
007370,진양제약
007380,고합물산
007390,네이처셀
007410,대우전자
007420,해동금고
007460,에이프로젠 MED
007480,대한은박지
007490,태창기업
007530,영신금속
007540,샘표
007560,한국코인
007570,일양약품
007590,동방아그로
007610,선도전기
007630,폴루스바이오팜
007640,HK저축은행
007660,이수페타시스
007680,대원
007690,국도화학
007700,F&F 홀딩스
007720,대명소노시즌
007770,한일화학
007790,금하방직
007800,솔로몬저축은행
007810,코리아써키트
007820,에스엠코어
007830,부산저축은행
007840,협화
007850,한국화이바
007860,서연
007910,세원화성
007930,대신석유
007980,태평양물산
007990,신중앙금고
008000,도레이케미칼
008010,삼협개발
008020,경남에너지
008030,아이텍스필
008040,사조동아원
008050,경북금고
008060,대덕
008080,에스와이코퍼레이션
008100,거성산업
008110,대동전자
008120,모토조이
008160,보람금고
008170,프라임저축은행
008190,신호전자
008250,이건산업
008260,NI스틸
008270,산은캐피탈
008290,원풍물산
008320,한국기술산업
008330,동미전기
008340,대주코레스
008350,남선알미늄
008370,원풍
008400,C&중공업
008410,동방금고
008420,문배철강
008430,성보섬유
008440,아이넥스
008470,부스타
008480,포스닉
008490,서흥
008500,일정실업
008530,일은증권
008540,케이비물산
008560,메리츠증권
008580,엘에스오토모티브
008600,윌비스
008640,우성건설
008650,신한전자
008670,신한금융투자
008680,남신
008690,한양
008700,아남전자
008720,삼양엔텍
008730,율촌화학
008750,범양식품
008770,호텔신라
008780,i 인프라
008800,행남사
008810,LG종금
008830,대동기어
008860,한영전자
008870,금비
008890,보람은행
008900,티이씨코
008920,삼천전기
008930,한미사이언스
008950,동부화학
008960,경북콘크리트
008970,동양철관
008980,동양현대종금
008990,중앙종금
009010,에듀언스
009030,대한종금
009050,대한알루미늄공업
009070,케이씨티시
009080,퍼시픽글라스
009140,경인전자
009150,삼성전기
009160,SIMPAC
009180,한솔로지스틱스
009190,대양금속
009200,무림페이퍼
009220,그로웰전자
009240,한샘
009270,신원
009280,다함이텍
009290,광동제약
009300,삼아제약
009310,참엔지니어링
009320,대우부품
009330,삼애인더스
009360,베네데스하이텍
009380,아세아페이퍼텍
009400,케이와이씨
009410,태영건설
009420,한올바이오파마
009440,KC그린홀딩스
009450,경동나비엔
009460,한창제지
009470,삼화전기
009520,포스코엠텍
009540,한국조선해양
009580,무림P&P
009590,경동
009620,삼보산업
009650,현대차써비스
009680,모토닉
009690,케이엠에이치
009720,한국전기초자
009730,코센
009760,한국컴퓨터지주
009770,삼정펄프
009780,엠에스씨
009790,휴닉스
009810,플레이그램
009830,한화솔루션
009840,갑을
009890,맥슨텔레콤
009900,명신산업
009940,대아리드선
009950,삼한실업
009970,영원무역홀딩스
009990,미우
010000,금성계전
010030,흥양
010040,한국내화
010050,우리종금
010060,OCI
010100,한국프랜지공업
010110,고려화학
010120,엘에스일렉트릭
010130,고려아연
010140,삼성중공업
010150,한국코아
010170,대한광통신
010200,극동제혁
010220,한솔종금
010240,흥국
010280,쌍용정보통신
010330,라미화장품
010400,우진아이엔에스
010420,한솔피엔에스
010460,화인자산관리
010470,오리콤
010510,일진
010520,현대하이스코
010530,라이프주택
010580,지코
010600,웰바이오텍
010620,현대미포조선
010640,진양폴리우레탄
010660,화천기계
010670,나노트로닉스
010690,화신
010730,금강화섬
010770,평화홀딩스
010780,아이에스동서
010810,정일이엔씨
010820,퍼스텍
010910,제일냉동
010920,로보트보일러
010950,S-Oil
010960,삼호개발
010970,한주화학
011000,진원생명과학
011020,코오롱유화
011040,경동제약
011050,케드콤
011070,LG이노텍
011080,형지I&C
011090,에넥스
011150,CJ씨푸드
011160,두산건설
011170,롯데케미칼
011180,동국방직
011200,HMM
011210,현대위아
011230,삼화전자공업
011260,한국종금
011280,태림포장
011290,갑을방적
011300,성안
011320,유니크
011330,유니켐
011360,국제밸브공업
011370,서한
011390,부산산업
011400,케이씨오에너지
011420,갤럭시아에스엠
011450,송원칼라
011470,기산
011500,한농화성
011510,청구
011520,서울가든
011540,삼신
011560,세보엠이씨
011650,LG정보통신
011690,와이투솔루션
011700,한신기계공업
011720,현대페인트
011760,현대코퍼레이션
011770,주일
011780,금호석유화학
011790,SKC
011800,배명금속
011810,STX
011820,한국물산
011840,계몽사
011860,동아일렉콤
011870,엘티삼보
011880,현대종금
011890,제일곡산
011900,라이카
011920,태평양금속
011930,신성이엔지
011940,태영판지공업
011960,새한종금
012010,삼산
012030,DB
012050,우진전기
012090,성원건설
012150,동방개발
012160,영흥
012170,아센디오
012190,신호페이퍼
012200,계양전기
012220,동국전자
012250,셰프라인
012260,이지닷컴
012270,동신
012280,영화금속
012300,신한인터내쇼날
012320,경동인베스트
012330,현대모비스
012340,뉴인텍
012350,한국체인
012360,신신상사
012400,허메스홀딩스
012410,글로스텍
012420,메리츠종금
012450,한화에어로스페이스
012460,우영
012470,영진테크
012500,제일종금
012510,더존비즈온
012540,일신
012580,신세계톰보이
012600,센트럴인사이트
012610,경인양행
012620,원일특강
012630,HDC
012650,쌍용건설
012670,환영철강공업
012690,모나리자
012700,리드코프
012710,한스종금
012720,엘아이지건설(주)
012750,에스원
012760,동아정기
012790,신일제약
012800,대창
012830,현대리바트
012860,모베이스전자
012910,한라시멘트
012990,LG석유화학
013000,세우글로벌
013030,하이록코리아
013040,금강피혁
013070,태양이앤테크
013090,이트로닉스
013120,동원개발
013200,씨앤우방
013210,장복건설
013240,셀런
013250,대양상호신용금고
013310,아진산업
013320,삼경정밀
013340,AJS
013360,일성건설
013450,동성하이켐
013520,화승코퍼레이션
013570,디와이
013580,계룡건설산업
013630,휴먼이노텍
013650,데코
013690,이랜드리테일
013700,까뮤이앤씨
013720,CBI
013730,세원
013780,아큐텍
013810,스페코
013820,피앤텍
013850,교하산업
013870,지엠비코리아
013890,지누스
013900,두원중공업
013990,아가방컴퍼니
014010,인터피온반도체
014040,GPS
014080,뉴맥스
014090,에스씨옵티콤
014100,메디앙스
014130,한익스프레스
014150,한외종금
014160,대영포장
014190,원익큐브
014200,광림
014210,대진동관공업
014250,선일옵트론
014270,신림종합건설
014280,금강공업
014300,선진지주
014340,한국종합철관
014350,신일건업
014380,대동
014390,대구종금
014400,경남종금
014420,프로비타
014430,한길종금
014440,영보화학
014450,삼양종금
014470,부방
014490,쌍용종금
014530,극동유화
014570,고려제약
014580,태경비케이
014590,티엘씨레저
014620,성광벤드
014660,녹십자의공
014680,한솔케미칼
014710,사조씨푸드
014740,금호케미칼
014790,한라
014820,동원시스템즈
014830,유니드
014900,삼보컴퓨터
014910,성문전자
014940,오리엔탈정공
014970,삼륭물산
014980,항도종금
014990,인디에프
015020,이스타코
015050,비전하이테크
015060,미주실업
015080,청솔종금
015090,대미실업
015110,중앙건설
015150,다산
015170,중앙바이오텍
015180,삼송공업
015200,비앤비성원
015230,대창단조
015260,에이엔피
015340,나우정밀
015350,부산도시가스
015360,예스코홀딩스
015390,엘앤씨피
015530,큐닉스컴퓨터
015540,쎌마테라퓨틱스
015550,우아미
015580,신한은행(조흥)
015590,큐로
015620,현대울산종금
015650,리젠트종금
015670,AP우주통신
015710,코콤
015730,대우정밀공업
015750,성우하이텍
015760,한국전력공사
015780,논노
015860,일진홀딩스
015880,태화쇼핑
015890,태경산업
015910,유산실업
015920,대림금속공업
015940,LG데이콤
015980,금경
016040,디에스피
016070,동성반도체
016090,대현
016100,리더스코스메틱
016140,웨스테이트
016160,오라바이오틱스
016170,카카오M
016230,유천건설
016250,SGC이테크건설
016260,우단
016310,신우산업기기
016350,신한종금
016360,삼성증권
016380,KG동부제철
016390,나라종금
016420,NH농협증권
016430,동신제지
016450,한세예스24홀딩스
016480,한화종금
016490,청화상공
016500,삼삼종금
016510,현대DSF
016550,한별텔레콤
016560,서울저축은행
016570,태평양제약
016580,환인제약
016590,신대양제지
016600,큐캐피탈
016610,DB금융투자
016620,우풍금고
016640,신화
016670,인피니티엔티
016680,태흥피혁
016690,신세계종금
016710,대성홀딩스
016740,두올
016790,현대사료
016800,퍼시스
016830,한국씨티은행
016880,웅진
016890,대웅바이오
016920,카스
016970,씨크롭
016990,LG마이크론
017000,신원종합개발
017010,제너비오믹스
017040,광명전기
017050,스타맥스
017070,호승
017090,풍연
017110,고려종금
017120,바로크
017160,세븐코스프
017170,훈영
017180,명문제약
017210,코닉스
017250,인터엠
017300,에이치비이에너지
017320,태일정밀
017370,우신시스템
017390,서울도시가스
017410,한주개발
017480,삼현철강
017510,세명전기
017550,수산중공업
017620,라인건설
017650,대림제지
017670,SK텔레콤
017680,데코앤이
017740,주화산업
017800,현대엘리베이터
017810,풀무원
017890,한국알콜
017900,광전자
017940,E1
017960,한국카본
018000,유니슨
018020,스타리스
018120,진로발효
018180,텔슨정보통신
018230,보성건설
018250,애경산업
018260,삼성에스디에스
018290,브이티지엠피
018310,삼목에스폼
018360,메디슨
018380,유진산업
018410,현대금속
018470,조일알미늄
018480,부산리스금융
018500,동원금속
018550,한국안전유리
018570,선진금속
018590,KNC
018620,우진비앤지
018670,SK가스
018680,서울제약
018690,신정제지
018700,바른손
018720,동양기공
018740,에어로시스템
018840,금성제관
018860,동방티엔씨
018880,한온시스템
018890,모라리소스
018910,신호테크
019010,베뉴지
019120,경윤하이드로
019170,신풍제약
019180,티에이치엔
019210,와이지-원
019230,신한종합비료
019260,엔케이바이오
019300,태림페이퍼
019380,신강제지
019430,넥서스투자
019440,세아특수강
019460,서울창업투자
019490,하이트론씨스템즈
019530,한국산업투자
019540,일지테크
019550,SBI인베스트먼트
019560,한국파트너스
019570,리더스 기술투자
019590,엠벤처투자
019640,희훈디앤지
019660,글로본
019680,대교
019730,신한모방
019770,서연탑메탈
019930,기라정보통신
019990,에너토크
020000,한섬
020070,에버리소스
020100,태일전자
020120,키다리스튜디오
020150,일진머티리얼즈
020180,대신정보통신
020400,대동금속
020490,아이씨켐
020560,아시아나항공
020620,세본금속
020710,시공테크
020760,일진디스플
020860,리타워텍
020880,(주)이동수에프엔지
021040,대호특수강
021050,서원
021060,한림창투
021080,에이티넘인베스트
021090,케미그라스
021170,고려석유화학
021220,삼화정밀
021240,코웨이
021310,동화은행
021320,KCC건설
021570,알루코
021600,대동은행
021610,동남은행
021650,한국큐빅
021660,하이켐
021740,세화기술투자
021820,세원정공
021870,중앙리스금융
021880,메이슨캐피탈
021930,경남리스
021960,KB캐피탈
022020,삼경기전
022060,삼성투신증권
022100,포스코 ICT
022130,건영종합건설
022220,정산애강
022510,동호전기
022520,코오롱아이넷
022610,한일
022770,금강정공
022780,옵셔널벤처스
022870,우리신용카드
023000,삼원강재
023020,동양매직
023130,국민은행_(합병전)
023140,다다
023150,MH에탄올
023160,태광
023350,한국종합기술
023410,유진기업
023420,유진종합개발
023430,아이이
023440,제일제강
023450,동남합성
023460,CNH
023530,롯데쇼핑
023580,한서금고
023590,다우기술
023600,삼보판지
023670,알이엔
023710,익산
023760,한국캐피탈
023770,플레이위드
023780,신한캐피탈
023790,동일철강
023800,인지컨트롤스
023810,인팩
023880,삼협산업
023890,한국아트라스비엑스
023900,풍국주정
023910,대한약품
023920,광일
023960,에쓰씨엔지니어링
024060,흥구석유
024070,WISCOM
024080,카리스소프트
024090,디씨엠
024100,제일저축은행
024110,기업은행
024120,KB오토시스
024660,하림홀딩스
024720,한국콜마홀딩스
024740,한일단조
024800,유성티엔에스
024810,이화전기
024820,동부저축은행
024830,세원물산
024840,KBI메탈
024850,피에스엠씨
024860,국제종합토건
024870,유성티에스아이
024880,케이피에프
024890,대원화성
024900,덕양산업
024910,경창산업
024920,동신특강
024930,국정교과서
024940,PN풍년
024950,삼천리자전거
024960,영남종금
025000,KPX케미칼
025080,하나에프앤아이
025090,대구리스금융
025150,삼주건설
025220,중앙금고
025270,부산방직
025320,시노펙스
025340,그린기술투자
025440,대성엘텍
025450,한마음저축은행
025460,팬텀엔터그룹
025530,에스제이엠홀딩스
025540,한국단자공업
025550,한국선재
025560,미래산업
025610,한국저축은행
025620,제이준코스메틱
025690,동방라이텍
025750,한솔홈데코
025770,한국정보통신
025820,이구산업
025830,한국합섬
025840,레이디
025850,한화화인케미칼
025860,남해화학
025870,신라에스지
025880,케이씨피드
025890,한국주강
025900,동화기업
025910,이스턴마스텍
025920,우경
025930,팬택자산관리
025940,부영철강
025950,동신건설
025960,고려
025970,알덱스
025980,아난티
026040,제이에스티나
026150,특수건설
026180,현대정보기술
026220,에스티씨라이프
026230,IDH
026240,동남리스
026250,삼우이엠씨
026260,위너지스
026540,제일창투
026870,코원에너지서비스
026890,스틱인베스트먼트
026900,신원금속
026910,광진실업
026920,영성제강
026930,한양철강
026940,부국철강
026950,한일제관
026960,동서
026970,대백저축은행
027040,서울전자통신
027050,코리아나
027350,텔슨전자
027360,아주IB투자
027390,한화갤러리아타임월드
027410,BGF
027440,코리아이앤디
027450,한보금고
027460,한국주택은행
027560,케이디엠
027580,상보
027610,대륭산업
027700,대백쇼핑
027710,팜스토리
027740,마니커
027830,대성창투
027840,한국고덴시
027890,스탠더드텔레
027970,세하
028040,미래SCI
028050,삼성엔지니어링
028080,휴맥스홀딩스
028090,네오퍼플
028100,동아지질
028150,GS홈쇼핑
028260,삼성물산
028300,HLB
028330,고려원양어업
028340,일신제강
028350,새서울상사
028360,평안섬유공업
028370,대망
028380,한국생사
028390,신동양건설
028400,미성건설
028410,동국중기공업
028420,삼성반도체통신
028430,한국프라스틱공업
028440,삼화
028450,금성투자금융
028460,태평양건설
028470,금성부품
028480,반도스포츠
028490,아남정밀
028500,대도상사
028510,기온물산
028520,영원통신
028530,영태전자공업
028540,승리기계제작소
028550,서진식품
028560,케니상사
028570,우생
028580,경일화학공업
028590,양우화학공업
028600,백산전자
028610,중원전자
028620,인성기연
028630,나이키스포츠
028640,풍진
028670,팬오션
028720,수도극장
028730,남선전기
028740,경성전기
028750,한국운수
028760,한국유리
028770,인천중공업
028780,국제관광공사
028790,호남비료
028800,광주고속
028820,한국증권금융
028830,제일스레트공업
028840,금성유업
028850,동성판유리
028860,문화방송
028870,신진자동차판매
028880,한독맥주
028890,대한염업
028900,해외섬유
028910,극동필트론
028920,대진해운
028930,금성산업
028940,나눔공간
028950,삼화프라스틱
028960,옥전산업
028970,금강산업
028980,신승기업
028990,새한상사
029000,건설산업
029010,옥포기업
029020,코오롱포리에스타
029030,대한종합건설
029040,대우실업
029050,서통화학
029060,남양소금
029070,석락산업
029080,범화건설
029090,대창건설
029100,울산실업
029110,우진건설산업
029120,삼영금속
029130,보고산업
029140,태창목재공업
029150,삼보증권
029160,세방해운
029170,부국제강
029180,삼양타이어
029190,삼미광업개발
029200,대농건설
029210,대한석유지주
029220,코오롱종합전기
029230,동아콘크리트공업
029240,우창건설
029250,반도목재
029260,금성전기
029460,케이씨
029470,한국대아진공
029480,릭스솔루션
029530,신도리코
029780,삼성카드
029840,세명종합건설
029890,현대반도체
029960,코엔텍
029980,율산실업
030000,제일기획
030030,중앙디자인
030190,NICE평가정보
030200,케이티
030210,KTB투자증권
030270,에스마크
030350,드래곤플라이
030390,쏠라엔텍
030420,디패션
030520,한글과컴퓨터
030530,원익홀딩스
030610,교보증권
030700,한통엠닷컴
030710,동아금고
030720,동원수산
030790,비케이탑스
030950,보진재
030960,양지사
030970,주은리스
031060,일신
031090,화니백화점
031150,국민카드
031310,아이즈비전
031330,에스에이엠티
031390,녹십자셀
031430,신세계인터내셔날
031440,신세계푸드
031510,오스템
031800,ST&I
031820,콤텍시스템
031860,엔에스엔
031920,신민저축은행
031950,에듀패스
031960,동산진흥
031970,엠바이엔
031980,피에스케이홀딩스
031990,대선조선
032030,일공공일안경
032040,C&S자산관리
032050,후야인포넷
032080,아즈텍WB
032150,으뜸저축은행
032180,이수세라믹
032190,다우데이타
032280,삼일
032290,알티전자
032300,한국파마
032350,롯데관광개발
032380,핸디소프트
032390,KTF
032420,터보테크
032500,케이엠더블유
032540,TJ미디어
032560,황금에스티
032570,카라반케이디이
032580,피델릭스
032590,엔토리노
032600,애드모바일
032610,에스오케이
032620,유비케어
032640,LG유플러스
032680,소프트센
032710,신한카드
032750,삼진
032780,테라
032790,BNGT
032800,판타지오
032820,우리기술
032830,삼성생명
032850,비트컴퓨터
032860,휴먼엔
032930,에이스앤파트너스
032940,원익
032960,동일기연
032970,카인드웨어서울
032980,바이온
033020,세아메탈
033030,지오엠씨
033040,세림아이텍
033050,제이엠아이
033070,삼한콘트롤스
033100,제룡전기
033110,코너스톤네트웍스
033130,디지틀조선
033160,엠케이전자
033170,시그네틱스
033180,KH 필룩스
033190,폴켐
033200,모아텍
033210,삼화기연
033220,남성알미늄
033230,인성정보
033240,자화전자
033250,체시스
033260,쌈지
033270,유나이티드
033280,어울림엘시스
033290,코웰패션
033300,보성인터
033310,엠투엔
033320,제이씨현시스템
033330,두림티앤씨
033340,좋은사람들
033350,대진정밀화학
033430,디에스티
033500,동성화인텍
033510,어필텔레콤
033530,세종공업
033540,파라텍
033550,룩손에너지
033560,블루콤
033600,럭슬
033630,SK브로드밴드
033640,네패스
033660,우리금융캐피탈
033720,블루스톤
033780,케이티앤지
033790,스카이문스테크놀로지
033830,티비씨
033850,지노시스템
033880,블루멈
033920,무학
034010,트라이써클
034020,두산중공업
034120,SBS
034160,박현주1호
034170,박현주2호
034180,알바트로스
034190,코스파이더
034200,박현주3호
034220,LG디스플레이
034230,파라다이스
034260,삼성다이나믹증권투자
034270,삼성프라임증권투자회
034280,미래에셋박현주사호펀
034290,박현주 5호
034300,신세계건설
034310,NICE
034320,삼성라이프에머랄드일
034330,인베스티움사파이어전
034340,인베스티움사파이어성
034350,트윈스챌린지펀드
034370,럭키소재
034380,조선맥주
034430,한빛세이프티일호증권
034440,한빛세이프티이호증권
034450,미래에셋이글일호펀드
034460,미래에셋이글이호펀드
034470,동원뮤추얼장보고1호
034510,무한투자
034560,미래에셋이글삼호펀드
034570,미래에셋이글사호펀드
034580,플래티넘1호
034590,인천도시가스
034600,글로웍스
034650,교보성공파트너일호펀
034660,제넥셀
034730,SK
034750,디씨씨
034760,호크아이즈증권투자회
034770,SEI에셋
034810,해성산업
034820,미래에셋드림펀드
034830,한국토지신탁
034840,트윈스비전일
034850,플래티넘2호
034920,하이프로증권투자회사
034940,조아제약
034950,한국기업평가
034960,미래에셋드림이호펀드
034970,올에버
034980,이론테크
034990,플러스1호
035000,지투알
035010,소예
035030,파이오니어
035040,플래티넘3호
035050,플래티넘타겟
035080,인터파크
035150,백산
035160,플러스2호
035200,프럼파스트
035210,티브로드도봉강북방송
035250,강원랜드
035270,청람디지탈
035290,골드앤에스
035300,미래에셋실크로드펀드
035310,미래에셋실크로드이호
035320,미래에셋알바트로스이
035330,미래에셋드림삼호펀드
035340,엠피챌린지
035400,브이에스에스티
035410,플러스3호
035420,NAVER
035430,드림라인
035450,지아이바이오
035460,기산텔레콤
035470,미래에셋드림사호펀드
035480,제이테크놀로지
035500,써니트렌드
035510,신세계I&C
035520,삼성그랑프리전환형뮤
035530,삼성프라임성장형뮤추
035540,미래에셋박현주드림오
035590,마이다스성일
035600,KG이니시스
035610,솔본
035620,바른손이앤에이
035670,챌린지전환1
035680,챌린지성장2
035700,박현주드림육호자산배
035710,CL
035720,카카오
035760,CJ ENM
035780,그로웰텔레콤
035790,박현주드림칠호자산배
035810,이지홀딩스
035820,미래에셋크린채권형일
035830,메카포럼
035860,박현주드림팔호자산배
035870,호성
035880,마이다스자산배분형일
035890,서희건설
035900,JYP Ent.
035910,현대멀티캡
035930,에스이아이채
035940,에스이아이주
035950,케이알
035960,바이오시스
035970,교보그로쓰
035980,교보성공파트너크린앤
036000,예림당
036010,아비코전자
036020,한아시스템
036030,케이티알파
036040,마이다스전환형일호펀
036060,한강기금
036090,위지트
036120,SCI평가정보
036170,클라우드에어
036180,지더블유바이텍
036190,금화피에스시
036200,유니셈
036210,태산엘시디
036220,오상헬스케어
036260,이매진아시아
036270,헤쎄나
036280,뉴켐진스템셀
036300,미래에셋실크로드자산
036310,미래에셋크린채권형이
036330,리젠트뮤추얼원자산배
036360,3SOFT
036390,대신불펀드일
036400,마이다스하이테크성장
036420,제이콘텐트리
036430,다임마이스터전환형일
036440,다임마이스터보험형일
036460,한국가스공사
036480,대성미생물
036490,SK머티리얼즈
036500,에스에스컴텍
036530,SNT홀딩스
036540,SFA반도체
036550,에이스디지텍
036560,영풍정밀
036570,엔씨소프트
036580,팜스코
036590,케이엔티
036600,지니웍스
036610,지디코프
036620,감성코퍼레이션
036630,세종텔레콤
036640,HRS
036650,실크자산2
036660,플러스프로핏
036670,KCI
036690,코맥스
036710,심텍홀딩스
036720,한빛네트
036760,KNS홀딩스
036780,알바트로스3
036790,자강
036800,나이스정보통신
036810,에프에스티
036820,BET
036830,솔브레인홀딩스
036840,히스토스템
036850,나리지*온
036870,장인환1호
036880,맥시스템
036890,진성티이씨
036900,택산아이엔씨
036910,세원텔레콤
036920,지앤에스티
036930,주성엔지니어링
036950,유리중립일
036960,유리피아이일
036970,리젠트성장1
037010,넷컴스토리지
037020,한와이어리스
037030,파워넷
037040,실크자산3
037060,시큐어소프트
037070,파세코
037110,JS
037120,한신코퍼
037150,CJ인터넷
037180,알바트로스 4
037190,이글5호
037200,다산씨앤아이
037220,넥스텔
037230,한국팩키지
037240,평안물산
037250,대흥멀티통신
037270,YG PLUS
037280,시스컴
037320,시노펙스그린테크
037330,인지디스플레
037340,씨엘인터내셔널
037350,성도이엔지
037360,KTB전환형1
037370,EG
037380,에이원마이크로
037400,우리조명
037410,코리아링크
037430,리젠트프로1
037440,희림
037460,삼지전자
037480,박현주2성장
037490,박현주자산1
037500,굿라이프5-MF
037510,굿라이프10-MF
037520,유리아이피일
037530,유리배분일
037540,네스테크
037550,클라스타
037560,LG헬로비전
037600,씨모스
037620,미래에셋증권
037630,에스비엠
037640,지에스엔텍
037650,성진산업
037670,엘리트1호
037700,토자이홀딩스
037710,광주신세계
037730,3R
037740,디지텔
037750,엔써
037760,쎄니트
037770,박현주3성장
037780,박현주4성장
037830,글로포스트
037950,엘컴텍
038010,제일테크노스
038020,월드그랜드1
038030,박현주5호
038050,트래픽아이티에스
038060,루멘스
038070,서린바이오
038100,아이엠아이티
038110,에코플라스틱
038120,AD모터스
038160,팍스넷
038270,옵티멈전환일
038280,벤처코스닥
038290,마크로젠
038310,마이다스전이
038320,어울림정보
038340,UCI
038370,KTB벤처1-MF
038380,KTB자산배분2
038390,레드캡투어
038400,외환신용카드
038410,트라이콤
038420,씨엔씨엔터
038460,바이오스마트
038480,박현주6호
038500,삼표시멘트
038520,화인썬트로닉스
038530,골드퍼시픽
038540,상상인
038580,미래하이1호
038620,위즈코프
038680,에스넷
038690,에이스일렉
038710,콜마파마
038720,유일엔시스
038760,KTB전환형41
038770,글로벌하이1
038810,포이보스
038830,케이엠에스
038870,에코바이오
038880,아이에이
038920,지이엔에프
038940,박현주7성장
038950,파인디지털
038960,현주컴퓨터
038980,이지클럽
038990,넥스콘테크
039000,써미트
039010,현대에이치티
039020,이건홀딩스
039030,이오테크닉스
039040,유니텍전자
039050,마이다스테2
039060,아이비진
039110,에스피컴텍
039130,하나투어
039160,월드그랜드2
039170,징기스칸1호
039180,동원장보고2
039200,오스코텍
039210,미래하이2호
039220,미래아이티1
039230,에이아이비트
039240,경남스틸
039270,리젠트빅히트
039280,유리앙상블
039290,인포뱅크
039310,세중
039340,한국경제TV
039350,헤파호프
039370,KTB벤처2-MF
039380,옵티멈전환2
039390,윌텍정보통신
039420,케이엘넷
039440,에스티아이
039490,키움증권
039500,마인
039520,플래티넘이천
039530,씨앤케이인터
039540,마이다스페셜
039560,다산네트웍스
039570,HDC랩스
039580,피코소프트
039610,화성밸브
039670,스포츠서울
039720,CJ프론티어
039740,한국정보공학
039790,위노바
039830,오로라
039840,디오
039850,태창파로스
039860,나노엔텍
039870,피케이엘
039920,마이다스하전
039980,리노스
039990,코아정보
040020,사라콤
040130,엔플렉스
040160,누리플렉스
040180,대양글로벌
040260,미래아이티2
040270,미래하이3
040300,YTN
040350,큐로컴
040380,한가족주식
040420,정상제이엘에스
040520,마이다스테3
040610,SG&G
040670,와이즈파워
040740,아인스M&M
040750,벨로체피아노
040780,유니씨앤티
040860,마이다스코코
040910,아이씨디
040940,미래아이티3
040950,미래하이4
041020,폴라리스오피스
041030,이루넷
041060,아라온테크
041140,넥슨지티
041190,우리기술투자
041310,모빌링크
041320,보홍
041440,현대에버다임
041450,인네트
041460,한국전자인증
041500,대한바이오링크
041510,에스엠
041520,이라이콤
041550,쎄라텍
041590,젬백스지오
041630,인젠
041650,상신브레이크
041800,코디콤
041830,인바디
041910,에스텍파마
041920,메디아나
041930,동아화성
041940,한텔
041960,코미팜
042000,카페24
042040,케이피엠테크
042100,현대오토넷
042110,에스씨디
042300,KTB드림1
042310,KTB코스닥1
042340,대국
042370,비츠로테크
042420,네오위즈홀딩스
042460,실크성장1호
042470,심스밸리
042500,링네트
042510,라온시큐어
042520,한스바이오메드
042570,퓨쳐비젼
042600,새로닉스
042660,대우조선해양
042670,현대두산인프라코어
042700,한미반도체
042820,어울림 네트
042870,에코페트로시스템
042940,상지카일룸
042950,미래코리아1
042960,창민테크
043040,마이다스30
043090,한창바이오텍
043100,솔고바이오
043150,바텍
043200,파루
043220,에이치엘비파워
043260,성호전자
043290,케이맥
043340,에쎈테크
043350,리젠트코스
043360,디지아이
043370,피에이치에이
043380,플래티넘성1
043400,실크성장2호
043580,에임하이
043590,크로바하이텍
043610,지니뮤직
043630,지앤알
043650,국순당
043680,스톰이앤에프
043690,테크메이트
043700,바이킹성장일
043710,서울리거
043790,옥션
043890,한빛방송
043910,자연과환경
044060,조광ILI
044070,한서제약
044180,KD
044240,세이우량채권
044340,위닉스
044370,조이토토
044380,주연테크
044400,KTB전환32
044410,미래알바1
044440,솔빛미디어
044450,KSS해운
044480,블루베리 NFT
044490,태웅
044570,한빛전자통신
044640,동부CNI
044740,플래티넘성2-MF
044750,다임채권형일
044770,에이엠에스
044780,에이치케이
044820,코스맥스비티아이
044890,미래한아름1-MF
044960,이글벳
044990,에이치엔에스하이텍
045050,큐리어스
045060,오공
045070,파이오니어2-MF
045080,그린에셋일호
045090,옵티멈성장1
045100,한양이엔지
045240,뉴씨앤씨
045260,디에이치패션
045280,마이다스페안
045290,포네이처
045300,성우테크론
045310,이레전자산업
045340,토탈소프트
045380,더존디지털
045390,대아티아이
045400,이롬텍
045470,에이프로테크놀로지
045510,정원엔시스
045520,크린앤사이언스
045550,유리프론티어-MF
045660,에이텍
045710,온미디어
045760,한통데이타
045790,세이채권혼합
045800,KTB더블채권1-MF
045820,LG파워콤
045860,실크성장삼호
045870,크린3호
045880,유티엑스
045890,GV
045920,화림모드
045970,코아시아
046000,모디아
046070,코다코
046110,한일네트웍스
046120,오르비텍
046140,SBS콘텐츠허브
046210,파나진
046240,에스브이에이치
046310,백금T&A
046320,MTRON
046350,에듀아크
046390,삼화네트웍스
046400,디브이에스
046430,알에스넷
046440,KG모빌리언스
046520,유리뉴앙상블
046720,엔하이테크
046810,KEPS
046820,미래한아름2
046840,자유투어
046890,서울반도체
046930,타임
046940,우원개발
046970,우리로
047040,대우건설
047050,포스코인터내셔널
047060,덴소풍성
047080,한빛소프트
047310,파워로직스
047370,에프아이투어
047400,유니온머티리얼
047420,엘케이엔씨
047440,레이젠
047450,이앤텍
047560,이스트소프트
047600,세계투어
047610,월드텔레콤
047710,액티투오
047730,넷웨이브
047770,코데즈컴바인
047810,한국항공우주
047820,초록뱀미디어
047890,미래주식1
047920,HLB제약
047940,비엔디
048130,에스피코프
048140,태광이엔시
048150,모닷텔
048260,오스템임플란트
048270,포넷
048410,현대바이오
048430,유라테크
048460,엑큐리스
048470,대동스틸
048510,테스텍
048530,인트론바이오
048540,하이콤
048550,SM C&C
048640,엠엔에프씨
048660,마이다스차익
048760,VK
048770,TPC
048830,엔피케이
048870,시너지이노베이션
048910,대원미디어
049000,예당
049070,인탑스
049080,기가레인
049120,파인디앤씨
049130,하우리
049180,셀루메드
049370,CJ엔터테인
049430,코메론
049470,SGA
049480,오픈베이스
049520,유아이엘
049550,잉크테크
049630,재영솔루텍
049690,포휴먼
049720,고려신용정보
049770,동원F&B
049790,소프트윈
049800,우진플라임
049830,승일
049850,크린4호
049950,미래컴퍼니
049960,쎌바이오텍
049990,세이플러스
050050,유아이에너지
050090,휘닉스소재
050110,캠시스
050120,ES큐브
050320,아래스
050350,다임알짜1호-MF
050470,CT&T
050540,한국코퍼레이션
050600,세라온
050640,이룸지엔지
050760,에스폴리텍
050860,아세아텍
050890,쏠리드
050960,수산아이앤티
051070,세이플러스혼합형펀드
051160,지어소프트
051170,썬코어
051310,포스코플랜텍
051360,토비스
051370,인터플렉스
051380,피씨디렉트
051390,YW
051490,나라엠앤디
051500,CJ프레시웨이
051530,굿이엠지
051600,한전KPS
051630,진양화학
051710,디에스
051780,큐로홀딩스
051810,모보
051820,아이피에스
051900,LG생활건강
051910,LG화학
051960,다임알짜2호-MF
051980,중앙디앤엠
051990,유리크레디트회사채혼
052020,에스티큐브
052190,세영디앤씨
052210,엠씨티티코어
052220,iMBC
052260,현대바이오랜드
052270,우전
052290,트레이스
052300,초록뱀컴퍼니
052310,H1바이오
052330,코텍
052350,코아에스앤아이
052400,코나아이
052420,오성첨단소재
052460,아이크래프트
052510,에코솔루션
052520,세이에이스혼합형펀드
052530,유리세이프전환혼합형
052540,미래셀렉티브-MF
052560,삼성수산
052600,한네트
052640,제네시스
052650,이디디컴퍼니
052670,제일바이오
052690,한전기술
052710,아모텍
052770,아이톡시
052790,액토즈소프트
052810,아시아미디어홀딩스
052860,아이앤씨
052880,큐앤에스
052900,KMH하이텍
052970,올리브나인
053000,우리금융지주
053030,바이넥스
053040,블루젬디앤씨
053050,지에스이
053060,세동
053070,트리니티
053080,원방테크
053110,소리바다
053160,프리엠스
053170,코스모스피엘씨
053200,디이시스
053210,케이티스카이라이프
053250,엔에스아이
053260,금강철강
053270,구영테크
053280,예스24
053290,NE능률
053300,한국정보인증
053320,테라리소스
053330,영진코퍼레이션
053350,이니텍
053440,성우몰드
053450,세코닉스
053470,오페스
053530,마이다스차익거래혼합
053580,웹케시
053590,한국테크놀로지
053610,프로텍
053620,태양
053660,현진소재
053690,한미글로벌
053700,삼보모터스
053740,국제엘렉트릭
053800,안랩
053810,아이팩토리
053870,GT&T
053890,미디어코프
053950,경남제약
053960,어플라이드
053980,오상자이엘
054010,선팩테크
054020,GK파워
054040,한국컴퓨터
054050,농우바이오
054080,우주통신
054090,삼진엘앤디
054120,더체인지
054150,뉴젠아이씨티
054170,엔빅스
054180,메디콕스
054210,이랜텍
054220,비츠로시스
054250,예일바이오텍
054300,팬스타엔터프라이즈
054340,피앤텔
054370,업필
054410,케이피티유
054440,엠텍반도체
054450,텔레칩스
054530,신한에스아이티
054540,삼영엠텍
054620,APS홀딩스
054630,에이디칩스
054650,뉴젠비아이티
054670,대한뉴팜
054780,키이스트
054790,제이엠피
054800,아이디스홀딩스
054920,한컴위드
054930,유신
054940,엑사이엔씨
054950,제이브이엠
055000,동서정보기술
055250,다휘
055490,테이팩스
055550,신한지주
055810,케이티씨텔레콤
055970,에너윈
056000,COWON
056010,아이스테이션
056020,쿨투
056060,세니콘
056080,유진로봇
056090,유앤아이
056140,리더컴
056190,에스에프에이
056200,엠넷미디어
056340,CU전자
056360,코위버
056500,슈마
056700,신화인터텍
056710,미리넷
056730,CNT85
056810,위다스
056850,코어비트
057030,YBM넷
057050,현대홈쇼핑
057100,하이스마텍
057110,아이티센네트웍스
057330,플래닛82
057500,SKC 솔믹스
057540,옴니시스템
057680,티사이언티픽
057880,피에이치씨
058110,멕아이씨에스
058220,아리온
058370,비엔씨컴퍼니
058400,KNN
058420,제이웨이
058430,포스코강판
058450,일야
058470,리노공업
058480,해원에스티
058530,파나케이아
058550,네오리소스
058610,에스피지
058630,엠게임
058650,세아홀딩스
058680,오브제
058690,퓨쳐인포넷
058730,다스코
058820,CMG제약
058850,KTcs
058860,KTis
058900,투미비티
058910,유리세이프롱숏채권혼
058970,엠로
059090,미코
059100,아이컴포넌트
059120,아진엑스텍
059210,메타바이오메드
059270,해성티피씨
059720,야호
060000,국민은행
060150,인선이엔티
060230,얍엑스
060240,룽투코리아
060250,NHN한국사이버결제
060260,뉴보텍
060280,큐렉소
060300,레드로버
060310,3S
060370,KT서브마린
060380,동양에스텍
060410,베스트플로우
060480,국일신동
060540,에스에이티
060550,우수씨엔에스
060560,홈센타홀딩스
060570,드림어스컴퍼니
060590,씨티씨바이오
060660,한도하이테크
060670,유퍼트
060720,KH바텍
060750,제이콤
060840,태영텔스타
060850,영림원소프트랩
060900,대한그린파워
060910,프리젠
060980,한라홀딩스
061040,알에프텍
061050,지앤디윈텍
061140,엘앤피아너스
061250,화일약품
061460,한진피앤씨
061970,엘비세미콘
062580,인산가
062730,케너텍
062860,티엘아이
062970,피피아이
063080,컴투스홀딩스
063160,종근당바이오
063170,서울옥션
063280,사이버패스
063350,팬택앤큐리텔
063440,SM Life Design
063510,코오롱인터내셔널
063570,한국전자금융
063680,미래에셋프리미어혼합
063760,이엘피
063840,닉스테크
064060,사이노젠
064090,에프앤리퍼블릭
064240,홈캐스트
064260,다날
064290,인텍플러스
064350,현대로템
064420,케이피케미칼
064480,브리지텍
064510,유네코
064520,바른전자
064550,바이오니아
064720,모델라인
064760,티씨케이
064800,젬백스링크
064820,케이프
064850,에프앤가이드
064900,교보메리츠
064910,글로벌파워
064960,SNT모티브
065060,지엔코
065130,탑엔지니어링
065150,엠피대산
065160,에프티이앤이
065170,넥스트BT
065180,해피드림
065270,플렉스컴
065310,JH코오스
065340,쓰리디월드
065350,신성델타테크
065370,위세아이텍
065410,지엔텍홀딩스
065420,에스아이리소스
065440,이루온
065450,빅텍
065500,오리엔트정공
065510,휴비츠
065530,와이어블
065560,녹원씨엔아이
065570,삼영이엔씨
065610,폴리플러스
065620,제낙스
065650,메디프론
065660,안트로젠
065680,우주일렉트로
065690,파커스
065710,서호전기
065770,CS
065810,UC아이콜스
065910,PW제네틱스
065940,바이오빌
065950,웰크론
066030,미래에셋P.B.2호펀드
066060,휴먼텍코리아
066110,한프
066130,하츠
066200,이노블루
066270,SK컴즈
066300,샤인시스템
066310,큐에스아이
066330,시큐리티KOR
066340,케이에스알
066350,티에스엠텍
066360,체리부로
066410,버킷스튜디오
066430,와이오엠
066480,휘튼
066570,LG전자
066590,우수AMS
066620,국보디자인
066670,디스플레이텍
066690,보광티에스
066700,테라젠이텍스
066790,씨씨에스
066830,제노텍
066850,아이드림
066900,디에이피
066910,손오공
066930,에스디
066970,엘앤에프
066980,이엔코퍼레이션
067000,조이시티
067010,이씨에스
067080,대화제약
067130,클루넷
067160,아프리카TV
067170,오텍
067250,STX조선해양
067280,멀티캠퍼스
067290,JW신약
067310,하나마이크론
067370,선바이오
067390,아스트
067410,마이차익3호-MF
067570,엔브이에이치코리아
067630,HLB생명과학
067700,미래에셋오리엔탈혼합
067730,로지시스
067770,세진티에스
067830,세이브존I&C
067850,바이나믹
067900,와이엔텍
067910,코크렙1호부동산투자
067920,이글루시큐리티
067950,티이씨
067990,도이치모터스
068050,팬엔터테인먼트
068060,KCW
068150,케이엔씨글로벌
068240,다원시스
068270,셀트리온
068290,삼성출판사
068330,일신바이오
068400,SK렌터카
068420,엔터미디어
068630,에피밸리
068760,셀트리온제약
068770,선우중공업
068790,DMS
068870,LG생명과학
068930,디지털대성
068940,아이씨케이
069080,웹젠
069110,코스온
069140,누리플랜
069260,휴켐스
069330,유아이디
069410,엔텔스
069460,대호에이엘
069470,제로원인터랙티브
069510,에스텍
069540,라이트론
069620,대웅제약
069640,한세엠케이
069730,DSR제강
069920,아이에스이커머스
069960,현대백화점
070080,하이드로젠파워
070300,엑스큐어
070480,에버테크노
070540,코크렙II
070590,한솔인티큐브
070960,용평리조트
071050,한국금융지주
071090,하이스틸
071200,인피니트헬스케어
071280,로체시스템즈
071320,지역난방공사
071360,나노하이텍
071460,위니아딤채
071530,유에이블
071660,SSCP
071670,에이테크솔루션
071840,롯데하이마트
071850,캐스텍코리아
071930,에이스하이텍
071950,코아스
071970,STX중공업
072020,중앙백신
072130,유엔젤
072430,아이레보
072450,리얼티코리아제1호
072470,우리산업홀딩스
072520,제넨바이오
072530,나이스메탈
072710,농심홀딩스
072770,율호
072870,메가스터디
072950,빛샘전자
072990,에이치시티
073010,케이에스피
073070,에이팸
073110,엘엠에스
073130,인스프리트
073190,듀오백
073240,금호타이어
073470,유레스메리츠제1호
073490,이노와이어리스
073530,코크렙제3호CR리츠
073540,에프알텍
073560,우리손에프앤지
073570,WI
073640,테라사이언스
073710,씨디네트웍스
073780,케이디세코
073930,제너시스템즈
074000,엠텍비젼
074130,디아이디
074140,엑스로드
074150,엠제이비
074430,아미노로직스
074600,원익QnC
074610,이엔플러스
075130,플랜티넷
075180,새론오토모티브
075580,세진중공업
075970,동국알앤에스
076080,웰크론한텍
076090,테이크시스템
076170,GBS
076340,관악산업
076610,해성옵틱스
076850,맥쿼리센트럴
077280,한컴지엠디
077360,덕산하이메탈
077500,유니퀘스트
077960,케이이엔지
077970,STX엔진
078000,텔코웨어
078020,이베스트투자증권
078070,유비쿼스홀딩스
078130,국일제지
078140,대봉엘에스
078150,HB테크놀러지
078160,메디포스트
078340,컴투스
078350,한양디지텍
078420,동북아1호
078520,에이블씨엔씨
078590,디아크
078600,대주전자재료
078610,도움
078650,지나인제약
078670,아구스
078700,신지소프트
078780,아이디에스
078860,아이오케이
078890,가온미디어
078930,GS
078940,코드네이처
079000,와토스코리아
079160,CJ CGV
079170,한창산업
079190,EMW
079340,하이럭스
079370,제우스
079430,현대리바트
079440,오렌지라이프
079550,LIG넥스원
079560,모젬
079650,서산
079660,사조해표
079810,디이엔티
079870,산양전기
079940,가비아
079950,인베니아
079960,동양이엔피
079970,투비소프트
079980,휴비스
080000,에스엔유
080010,이상네트웍스
080030,동북아2호
080140,디보스
080160,모두투어
080180,아시아1호
080220,제주반도체
080410,동북아6호
080420,모다이노칩
080440,에스제이케이
080470,성창오토텍
080520,오디텍
080530,코디
080570,IC코퍼레이션
080580,오킨스전자
080720,한국유니온제약
080960,동북아3호
080970,동북아4호
080980,동북아5호
081000,일진다이아
081090,씨모텍
081150,티플랙스
081190,아시아2호
081200,아시아3호
081210,아시아4호
081220,세미텍
081500,엑스씨이
081580,성우전자
081660,휠라홀딩스
081930,아시아8호
081940,아시아9호
081970,넥스지
082110,동북아8호
082210,옵트론텍
082220,프렉코
082240,아시아5호
082250,아시아6호
082260,아시아7호
082270,젬백스
082390,피엘에이
082640,동양생명
082660,코스나인
082740,HSD엔진
082800,비보존 헬스케어
082850,우리바이오
082920,비츠로셀
082930,실리콘화일
083120,동북아9호
083160,현대경매부동산일호
083310,엘오티베큠
083350,동북아10호선박투자
083360,동북아11호선박투자
083370,동북아12호선박투자
083380,동북아13호선박투자
083390,동북아14호선박투자
083420,그린케미칼
083450,GST
083470,이엠앤아이
083500,에프엔에스테크
083550,케이엠
083570,아시아10호
083580,아시아퍼시픽11호
083590,아시아퍼시픽12호
083600,아시아퍼시픽13호
083610,아시아퍼시픽14호
083620,아시아퍼시픽15호
083640,인콘
083650,비에이치아이
083660,CSA 코스믹
083790,크리스탈지노믹스
083930,아바코
084010,대한제강
084110,휴온스글로벌
084160,골든경매일호
084180,수성이노베이션
084240,동북아15호
084370,유진테크
084440,유비온
084450,세실
084650,랩지노믹스
084670,동양고속
084680,이월드
084690,대상홀딩스
084730,팅크웨어
084810,아이알디
084850,아이티엠반도체
084870,티비에이치글로벌
084990,헬릭스미스
085310,엔케이
085370,루트로닉
085450,굿리치경매1
085620,미래에셋생명
085660,차바이오텍
085670,뉴프렉스
085680,모빌탑
085810,알티캐스트
085910,네오티스
085980,세화피앤씨
085990,단성일렉트론
086040,바이오톡스텍
086060,진바이오텍
086080,다이노나
086200,제이앤유글로벌
086220,네추럴FNP
086250,이노와이즈
086280,현대글로비스
086390,유니테스트
086450,동국제약
086460,에스엔피제네틱스
086520,에코프로
086670,비엠티
086710,선진뷰티사이언스
086720,코크렙7호
086790,하나금융지주
086820,바이오솔루션
086830,신양오라컴
086890,이수앱지스
086900,메디톡스
086960,한컴MDS
086980,쇼박스
087010,펩트론
087220,스틸플라워
087260,모바일어플라이언스
087600,픽셀플러스
087730,이엠네트웍스
088010,동북아21호선박투자
088020,네이쳐글로벌
088130,동아엘텍
088260,이리츠코크렙
088290,이원컴포텍
088350,한화생명
088390,이녹스
088510,굿리치경매2
088700,마이스코
088790,진도
088800,에이스테크
088810,맥스브로
088910,동우팜투테이블
088960,씨티엘테크
088980,맥쿼리인프라
089010,켐트로닉스
089030,테크윙
089140,넥스턴바이오
089150,케이씨티
089170,동북아27호
089180,동북아28호
089190,동북아29호
089200,동북아30호
089230,THE E&M
089240,네오세미테크
089470,HDC현대EP
089480,평산
089530,에이티세미콘
089590,제주항공
089600,나스미디어
089790,제이티
089850,유비벨록스
089860,롯데렌탈
089890,코세스
089970,에이피티씨
089980,상아프론테크
090080,평화산업
090090,디앤샵
090120,잘만테크
090150,아이윈
090350,노루페인트
090360,로보스타
090370,메타랩스
090410,덕신하우징
090430,아모레퍼시픽
090460,비에이치
090470,제이스텍
090540,코크렙8호
090710,휴림로봇
090730,SIMPAC Metal
090740,연이비앤티
090850,현대이지웰
090970,코리아01호
090980,코리아02호
090990,코리아03호
091000,코리아04호
091090,세원이앤씨
091120,이엠텍
091270,유디피
091340,S&K폴리텍
091440,텔레필드
091580,상신이디피
091590,남화토건
091690,디지텍시스템
091700,파트론
091810,티웨이항공
091970,나노캠텍
091990,셀트리온헬스케어
092040,아미코젠
092070,디엔에프
092130,이크레더블
092190,서울바이오시스
092200,디아이씨
092220,KEC
092230,KPX홀딩스
092300,현우산업
092440,기신정기
092460,한라IMS
092590,럭스피아
092600,앤씨앤
092630,바다로3호
092730,네오팜
092780,동양피스톤
092870,엑시콘
092970,거북선1호선박투자
093050,LF
093190,빅솔론
093230,이아이디
093240,형지엘리트
093320,케이아이엔엑스
093370,후성
093380,풍강
093400,코리아05호
093410,코리아06호
093510,엔지브이아이
093520,매커스
093640,다믈멀티미디어
093730,동북아31호
093820,한국유전15-1
093920,서원인텍
094170,동운아나텍
094190,이엘케이
094280,효성 ITX
094360,칩스앤미디어
094480,갤럭시아머니트리
094520,맵스베트남1
094700,미성포리테크
094800,맵스리얼티1
094820,일진파워
094840,슈프리마에이치큐
094850,참좋은여행
094860,네오리진
094940,푸른기술
094950,지비베트남1
094970,제이엠티
095190,이엠코리아
095270,웨이브일렉트로
095300,엔에스브이
095340,ISC
095500,미래나노텍
095570,AJ네트웍스
095610,테스
095660,네오위즈
095700,제넥신
095720,웅진씽크빅
095910,에스에너지
096040,이트론
096240,청담러닝
096300,베트남개발1
096350,대창솔루션
096530,씨젠
096610,알에프세미
096630,에스코넥
096640,멜파스
096690,에이루트
096760,JW홀딩스
096770,SK이노베이션
096870,엘디티
097230,HJ중공업
097520,엠씨넥스
097780,에스맥
097800,윈팩
097870,효성오앤비
097950,CJ제일제당
098120,마이크로컨텍솔
098150,한국아태특별
098400,엔스퍼트
098460,고영
098660,에스티오
099190,아이센스
099210,코리아07호
099220,SDN
099320,쎄트렉아이
099340,하나니켈1호
099350,하나니켈2호
099390,브레인즈컴퍼니
099410,동방선기
099430,바이오플러스
099440,스맥
099520,ITX-AI
099660,신텍
099750,이지케어텍
099830,씨그널엔터테인먼트그룹
100030,모바일리더
100090,삼강엠앤티
100120,뷰웍스
100130,동국S&C
100220,비상교육
100250,진양홀딩스
100590,머큐리
100660,서암기계공업
100700,세운메디칼
100790,미래에셋벤처투자
100840,SNT에너지
101000,상상인인더스트리
101060,SBS미디어홀딩스
101140,인바이오젠
101160,월덱스
101170,우림피티에스
101240,씨큐브
101330,모베이스
101360,이엔드디
101380,거북선2호
101390,아이엠
101400,엔시트론
101490,에스앤에스텍
101530,해태제과식품
101670,코리아에스이
101680,한국정밀기계
101730,위메이드맥스
101790,케이알제2호
101930,인화정공
101970,우양에이치씨
101990,파브코
102000,거북선3호
102120,어보브반도체
102210,에이치디
102260,동성케미컬
102280,쌍방울
102370,케이옥션
102460,이연제약
102710,이엔에프테크놀로지
102940,코오롱생명과학
103130,웅진에너지
103140,풍산
103150,하이트맥주
103160,풀무원식품
103230,에스앤더블류
103590,일진전기
103650,에이치앤아이
103660,씨앗
103840,우양
104040,대성파인텍
104110,신성이엔지
104120,신성에프에이
104200,NHN벅스
104460,디와이피엔에프
104480,티케이케미칼
104540,코렌텍
104620,노랑풍선
104700,한국철강
104830,원익머트리얼즈
105070,금강제강
105330,케이엔더블유
105380,다산리츠
105550,트루윈
105560,KB금융
105630,한세실업
105740,디케이락
105840,우진
106080,하이소닉
106190,하이텍팜
106240,파인테크닉스
106520,노블엠앤비
107590,미원홀딩스
107640,한중엔시에스
108070,삼성디지털이미징
108230,톱텍
108320,LX세미콘
108380,대양전기공업
108490,로보티즈
108670,LX하우시스
108790,인터파크
108860,셀바스AI
108890,거북선4호
109070,컨버즈
109080,옵티시스
109610,에스와이
109740,디에스케이
109820,진매트릭스
109860,동일금속
109960,에이프로젠 H&G
110020,전진바이오팜
110310,모린스
110500,유니드코리아
110570,넥솔론
110660,세신버팔로
110790,크리스에프앤씨
110990,디아이티
111110,호전실업
111610,승화프리텍
111710,남화산업
111770,영원무역
111820,지유온
111870,KH 일렉트론
112040,위메이드
112190,KC산업
112240,에스에프씨
112610,씨에스윈드
113810,디젠스
114090,GKL
114120,크루셜텍
114130,거북선5호
114140,거북선6호
114190,강원에너지
114410,현대푸드
114450,KPX생명과학
114570,지스마트글로벌
114630,폴라리스우노
114810,아이원스
114840,아이패밀리에스씨
114920,대주이엔티
115160,휴맥스
115180,큐리언트
115310,인포바인
115390,락앤락
115440,우리넷
115450,HLB테라퓨틱스
115480,씨유메디칼
115500,케이씨에스
115530,씨엔플러스
115570,스타플렉스
115610,이미지스
115960,연우
116100,태양기계
117580,대성에너지
117670,알파홀딩스
117730,티로보틱스
117930,한진해운
118000,우리들휴브레인
118990,모트렉스
119250,에프지엔개발리츠
119500,포메탈
119610,인터로조
119650,KC코트렐
119830,아이텍
119850,지엔씨에너지
119860,다나와
120030,조선선재
120110,코오롱인더
120240,대정화금
120780,전우정밀
121060,유니포인트
121440,골프존뉴딘홀딩스
121550,코크렙15호
121600,나노신소재
121800,비덴트
121850,코이즈
121890,에스디시스템
121910,대우증권스팩
121950,미래에셋스팩1호
122050,아이엘사이언스
122290,동양밸류스팩
122310,제노레이
122350,삼기
122450,KMH
122640,예스티
122690,서진오토모티브
122750,우리스팩1호
122800,썬텍
122830,원포유
122870,와이지엔터테인먼트
122900,아이마켓코리아
122990,와이솔
123010,폴라리스웍스
123040,엠에스오토텍
123100,원익테라세미콘
123160,히든챔피언스팩1호
123260,파인넥스
123290,한국스팩1호
123300,부국퓨쳐스타즈스팩
123330,제닉
123410,코리아에프티
123420,선데이토즈
123550,대신증권그로쓰스팩
123570,이엠넷
123690,한국화장품
123700,에스제이엠
123750,알톤스포츠
123840,한일진공
123860,아나패스
123890,한국자산신탁
123910,에스비아이앤솔로몬스
124050,한화SV스팩1호
124500,아이티센
124560,태웅로직스
125210,아모그린텍
126340,비나텍
126560,현대퓨처넷
126600,코프라
126640,화신정공
126680,IBKS스팩1호
126700,하이비젼시스템
126870,뉴로스
126880,제이엔케이히터
127120,디엔에이링크
127160,매직마이크로
127710,아시아경제
128540,에코캡
128660,피제이메탈
128820,대성산업
128910,동부티에스블랙펄스팩
128940,한미약품
129260,인터지스
129890,앱코
130500,GH신소재
130580,나이스디앤비
130660,한전산업
130740,티피씨글로벌
130960,CJ E&M
131030,디에이치피코리아
131090,시큐브
131100,스카이이앤엠
131180,딜리
131220,대한과학
131290,티에스이
131370,알서포트
131390,원익피앤이
131400,이브이첨단소재
131760,파인텍
131970,테스나
133750,메가엠디
133820,화인베스틸
134000,거북선7호
134060,이퓨쳐
134380,미원화학
134580,탑코미디어
134780,화진
134790,시디즈
135160,지오씨
135270,세종머티리얼즈
136410,아셈스
136480,하림
136490,선진
136510,에디슨EV
136540,윈스
136660,큐엠씨
137080,나래나노텍
137310,에스디바이오센서
137400,피엔티
137940,넥스트아이
137950,제이씨케미칼
138040,메리츠금융지주
138070,신진에스엠
138080,오이솔루션
138250,엔에스쇼핑
138290,지성이씨에스
138360,협진
138440,이코리아리츠
138490,코오롱플라스틱
138580,비즈니스온
138610,나이벡
138690,엘아이에스
138930,BNK금융지주
139050,시티랩스
139130,DGB금융지주
139170,퓨얼셀
139200,하이골드2호
139480,이마트
139670,키네마스터
139990,아주스틸
140070,서플러스글로벌
140290,청광건설
140410,메지온
140520,대창스틸
140610,엔솔바이오사이언스
140660,위월드
140670,알에스오토메이션
140860,파크시스템스
140890,트러스제7호
140910,에이리츠
141000,비아트론
141020,포티스
141070,맥스로텍
141080,레고켐바이오
142210,유니트론텍
142280,녹십자엠에스
142760,바이오리더스
143160,아이디스
143210,핸즈코퍼레이션
143240,사람인에이치알
143540,영우디에스피
144510,지씨셀
144620,코오롱머티리얼
144630,씨아이에스
144740,피엠디아카데미
144960,뉴파워프라즈마
145020,휴젤
145210,다이나믹디자인
145270,케이탑리츠
145720,덴티움
145990,삼양사
146320,비씨엔씨
147760,마이크로프랜드
147830,제룡산업
148140,비디아이
148150,세경하이테크
148250,알엔투테크놀로지
148780,비플라이소프트
149010,아이케이세미콘
149130,케이비부국위탁리츠
149300,아퓨어스
149940,모다
149950,아바텍
149980,하이로닉
150440,피노텍
150840,인트로메딕
150900,파수
151750,테라텍
151860,KG ETS
151910,나노스
152330,코리아오토글라스
152550,한국ANKOR유전
153360,하이골드3호
153460,네이블커뮤니케이션즈
153490,우리이앤엘
153710,옵티팜
154030,아시아종묘
154040,솔루에타
155650,와이엠씨
155660,DSR
155900,바다로19호
155960,지디
156100,엘앤케이바이오
156170,비앤에스미디어
158300,에스에이티이엔지
158310,참존글로벌
158380,삼목강업
158430,아톤
159010,아스플로
159580,제로투세븐
159650,하이골드8호
159910,스킨앤스킨
160350,웹솔루스
160550,NEW
160600,이큐셀
160980,싸이맥스
161000,애경케미칼
161390,한국타이어앤테크놀로지
161570,THE MIDONG
161580,필옵틱스
161890,한국콜마
162120,루켄테크놀러지스
163430,디피코
163560,동일고무벨트
163730,핑거
164060,이루다
165270,금오하이텍
166090,하나머티리얼즈
166480,코아스템
167380,나무기술
168330,내츄럴엔도텍
168490,한국패러랠
169330,엠브레인
169670,코스텍시스템
170030,현대공업
170790,파이오링크
170900,동아에스티
170920,엘티씨
171010,램테크놀러지
171090,선익시스템
171120,라이온켐텍
172580,하이골드12호
173130,오파스넷
173940,에프엔씨엔터
174880,장원테크
174900,앱클론
175140,인포마크
175250,아이큐어
175330,JB금융지주
176440,에이치엔티
176560,포인트엔지니어링
176750,듀켐바이오
177350,베셀
177830,파버나인
178320,서진시스템
178600,대동고려삼
178780,유테크
178920,PI첨단소재
179280,스탠다드펌
179290,엠아이텍
179440,비지스틸
179530,애드바이오텍
179720,렌딩머신
179900,유티아이
180060,탑선
180400,디엑스앤브이엑스
180640,한진칼
181340,이즈미디어
181710,엔에이치엔
181980,자원메디칼
182360,큐브엔터
182400,엔케이맥스
182690,테라셈
183190,아세아시멘트
183300,코미코
183350,LPK로보틱스
183410,골프존데카
183490,엔지켐생명과학
184230,SGA솔루션즈
185190,수프로
185280,이푸른
185490,아이진
185750,종근당
186230,그린플러스
187220,디티앤씨
187270,신화콘텍
187420,제노포커스
187660,에이디엠코리아
187770,판타지오
187790,나노
187870,디바이스이엔지
189300,인텔리안테크
189330,씨이랩
189350,코셋
189540,씨티네트웍스
189690,포시에스
189700,디피앤케이
189860,서전기전
189980,흥국에프엔비
190510,나무가
190650,코리아에셋투자증권
191410,육일씨엔에쓰
191420,테고사이언스
191600,블루탑
192080,더블유게임즈
192240,나이코
192250,케이사인
192390,윈하이텍
192400,쿠쿠홀딩스
192410,THQ
192440,슈피겐코리아
192520,경남은행
192530,광주은행
192650,드림텍
192820,코스맥스
193250,와이제이엠게임즈
194370,제이에스코퍼레이션
194480,데브시스터즈
194510,파티게임즈
194610,우성아이비
194700,노바렉스
194860,SY이노베이션
195440,퓨전
195500,마니커에프앤지
195870,해성디에스
195940,HK이노엔
195990,에이비프로바이오
196170,알테오젠
196300,애니젠
196450,코아시아옵틱스
196490,디에이테크놀로지
196700,웹스
197140,디지캡
197210,리드
198080,엔피디
198440,고려시멘트
198940,한주금속
199150,데이터스트림즈
199290,바이오프로테크
199800,툴젠
199820,제일전기공업
199870,세기리텍
200130,콜마비앤에이치
200230,텔콘RF제약
200350,래몽래인
200470,에이팩트
200580,메디쎄이
200670,휴메딕스
200710,에이디테크놀로지
200780,비씨월드제약
200880,서연이화
201490,미투온
202960,판도라티비
203400,에이비온
203450,유니온커뮤니티
203650,드림시큐리티
203690,프로스테믹스
204020,그리티
204210,모두투어리츠
204270,제이앤티씨
204320,만도
204440,대우스팩2호
204620,글로벌텍스프리
204630,스튜디오산타클로스
204650,케이티비스팩1호
204690,다린
204760,현대에이블스팩1호
204840,지엘팜텍
204990,코썬바이오
205100,엑셈
205290,케미메디
205470,휴마시스
205500,액션스퀘어
206400,베노홀딩스
206560,덱스터
206640,바디텍메드
206650,유바이오로직스
206660,골든브릿지제2호스팩
206950,볼빅
207230,디와이엘엔제이
207490,에이펙스인텍
207720,엔에이치SL스팩
207760,미스터블루
207930,SK1호스팩
207940,삼성바이오로직스
208140,정다운
208340,파멥신
208350,지란지교시큐리티
208370,셀바스헬스케어
208640,썸에이지
208710,바이오로그디바이스
208850,이비테크
208860,엔지스테크널러지
208870,하나머스트3호스팩
208890,미래엔에듀파트너
210120,빅텐츠
210540,디와이파워
210610,소프트캠프
210980,SK디앤디
211050,인카금융서비스
211270,AP위성
212310,휴벡셀
212560,네오오토
213090,미래테크놀로지
213420,덕산네오룩스
213500,한솔제지
214150,클래시스
214180,민앤지
214260,라파스
214270,FSN
214310,에스엘바이오닉스
214320,이노션
214330,금호에이치티
214370,케어젠
214390,경보제약
214420,토니모리
214430,아이쓰리시스템
214450,파마리서치
214610,미코바이오메드
214680,디알텍
214870,뉴지랩파마
215000,골프존
215050,비엔디생활건강
215090,휴센텍
215100,로보로보
215200,메가스터디교육
215360,우리산업
215380,우정바이오
215480,토박스코리아
215570,크로넥스
215580,대우스팩3호
215600,신라젠
215750,미래에셋제3호스팩
215790,이노인스트루먼트
216050,인크로스
216080,제테마
216280,원텍
216400,인바이츠바이오코아
217190,제너셈
217270,넵튠
217320,썬테크
217330,싸이토젠
217480,에스디생명공학
217500,러셀
217600,켐온
217620,디딤
217730,강스템바이오텍
217810,엔에이치스팩7호
217820,엔에스
217880,틸론
217910,에스제이켐
217950,파마리서치바이오
218150,미래생명자원
218410,RFHIC
218710,키움스팩3호
219130,타이거일렉
219420,링크제니시스
219550,디와이디
219580,골든브릿지제3호스팩
219750,지티지웰니스
219860,한화에이스스팩2호
219960,유안타제2호스팩
220100,퓨쳐켐
220110,드림티엔터테인먼트
220180,핸디소프트
220250,카이노스메드
220260,켐트로스
220630,맘스터치
221200,유진스팩3호
221610,자안바이오
221670,주노콜렉션
221800,유투바이오
221840,하이즈항공
221950,케이비드림3호스팩
221980,케이디켐
222040,코스맥스엔비티
222080,씨아이에스
222110,팬젠
222160,바이옵트로
222390,케이비제8호스팩
222420,쎄노텍
222520,솔트웍스
222670,플럼라인생명과학
222800,심텍
222810,마이더스AI
222980,한국맥널티
223040,교보5호스팩
223220,로지스몬
223250,드림씨아이에스
223310,커머스마이너
224020,에스케이씨에스
224060,코디엠
224090,정다운
224110,에이텍티앤
224760,엔에스컴퍼니
224810,엄지하우스
224880,SGA클라우드서비스
225190,삼양옵틱스
225220,제놀루션
225330,씨엠에스에듀
225430,케이엠제약
225440,이베스트스팩3호
225530,보광산업
225570,넷게임즈
225590,패션플랫폼
225650,쿠첸
225850,미애부
225860,엠앤씨생명과학
226320,잇츠한불
226330,신테카바이오
226340,본느
226350,아이엠텍
226360,KH E&T
226400,오스테오닉
226440,한송네오텍
226610,한국비엔씨
226850,키움스팩4호
226950,올릭스
227100,에이치앤비디자인
227420,도부마스크
227610,아우딘퓨쳐스
227840,현대코퍼레이션홀딩스
227950,엔투텍
228180,티씨엠생명과학
228340,동양파일
228670,레이
228760,지노믹트리
228850,레이언스
229000,젠큐릭스
229480,줌인터넷
229500,노브메타파마
229640,LS전선아시아
230240,에치에프알
230360,에코마케팅
230400,자비스
230490,동부제4호스팩
230980,에이트원
232140,와이아이케이
232270,케이비제9호스팩
232290,SGA시스템즈
232330,SK3호스팩
232360,아스팩오일
232530,이엠티
232680,라온테크
232830,시큐센
233190,미래자원엠엘
233250,메디안디노스틱
233990,질경이
234070,에이원알폼
234080,JW생명과학
234100,세원
234300,에스트래픽
234340,세틀뱅크
234690,녹십자웰빙
234920,자이글
235010,하이에이아이1호스팩
235090,태경피엔에스
235980,메드팩토
236030,씨알푸드
236200,슈프리마
236340,메디젠휴먼케어
236810,엔비티
237690,에스티팜
237720,케이엠제약
237750,피앤씨테크
237820,플레이디
237880,클리오
238090,앤디포스
238120,얼라인드
238170,엔에스엠
238200,비피도
238490,힘스
238500,로보쓰리
239340,줌인터넷
239610,에이치엘사이언스
239890,피엔에이치테크
240340,인터코스
240540,한국4호스팩
240810,원익IPS
241510,이에스산업
241520,DSC인베스트먼트
241560,두산밥캣
241590,화승엔터프라이즈
241690,유니테크노
241710,코스메카코리아
241770,메카로
241790,오션브릿지
241820,피씨엘
241840,에이스토리
242040,나무기술
242350,피엔아이컴퍼니
242420,본느
242850,영현무역
243070,휴온스
243840,신흥에스이씨
243870,굿센
244460,올리패스
244880,나눔테크
244920,에이플러스에셋
245030,스페이스솔루션
245450,씨앤에스링크
245620,EDGC
246250,에스엘에스바이오
246690,TS인베스트먼트
246710,티앤알바이오팹
246720,아스타
246830,시냅스엠
246960,이노테라피
247300,인프라웨어테크놀러지
247540,에코프로비엠
247660,나노씨엠에스
248020,젬
248070,솔루엠
248170,샘표식품
249420,일동제약
250000,보라티알
250030,진코스텍
250060,모비스
250300,제이에스피브이
250930,예선테크
251120,바이오에프디엔씨
251270,넷마블
251280,안지오랩
251370,와이엠티
251540,에스와이제이
251630,브이원텍
251960,엠에프엠코리아
251970,펌텍코리아
252370,유쎌
252500,세화피앤씨
252940,에스엠로보틱스
252990,샘씨엔에스
253450,스튜디오드래곤
253590,네오셈
253610,루트락
253840,수젠텍
254120,자비스
254160,제이엠멀티
255220,SG
255440,야스
256090,패션플랫폼
256150,한독크린텍
256630,포인트엔지니어링
256840,한국비엔씨
256940,케이피에스
257370,명성티엔에스
257720,실리콘투
257730,신한제3호스팩
257990,나우코스
258050,테크트랜스
258250,셀젠텍
258540,스템랩
258610,이더블유케이
258790,소프트캠프
258830,세종메디칼
259630,엠플러스
259960,크래프톤
260490,캐로스
260660,알리코제약
260870,시그넷이브이
260930,씨티케이
260970,에스앤디
261200,덴티스
261780,차백신연구소
262260,에이프로
262760,엔케이맥스
262830,대신밸런스제4호스팩
262840,아이퀘스트
263020,디케이앤디
263050,유틸렉스
263540,샘코
263600,덕우전자
263690,디알젬
263700,케어랩스
263720,디앤씨미디어
263750,펄어비스
263770,유에스티
263800,데이타솔루션
263810,상신전자
263860,지니언스
263920,휴온스블러썸
264290,한화에이스스팩3호
264450,유비쿼스
264660,씨앤지하이테크
264850,이랜시스
264900,크라운제과
265480,미래에셋대우스팩1호
265520,AP시스템
265560,영화테크
265740,엔에프씨
265920,한화수성스팩
266170,뿌리깊은나무들
266470,바이오인프라생명과학
266870,파워풀엑스
267060,명진홀딩스
267250,현대중공업지주
267260,현대일렉트릭
267270,현대건설기계
267290,경동도시가스
267320,나인테크
267790,배럴
267810,앙츠
267850,아시아나IDT
267980,매일유업
268280,미원에스씨
268600,셀리버리
269620,시스웍
270020,이십일스토어
270210,에스알바이오텍
270520,지엔원에너지
270660,에브리봇
270870,뉴트리
271400,알로이스
271560,오리온
271740,한국제5호스팩
271780,비엔에프코퍼레이션
271850,다이오진
271940,일진하이솔루스
271980,제일약품
272110,케이엔제이
272210,한화시스템
272290,이녹스첨단소재
272420,극동자동화
272450,진에어
272550,삼양패키징
273060,와이즈버즈
273640,와이엠텍
274090,켄코아에어로스페이스
275630,에스에스알
276040,스코넥
276240,엘리비젼
276730,제주맥주
276920,IBKS제7호스팩
277070,린드먼아시아
277410,인산가
277480,신한제4호스팩
277810,레인보우로보틱스
277880,티에스아이
278280,천보
278380,원바이오젠
278650,노터스
278990,EMB
279060,이노벡스
279410,한화에이스스팩4호
279600,미디어젠
280360,롯데제과
281310,바이오시네틱스
281410,한국제6호스팩
281740,레이크머티리얼즈
281820,케이씨텍
282330,BGF리테일
282690,동아타이어
282880,코윈테크
284420,휴럼
284610,TS트릴리온
284620,카이노스메드
284740,쿠쿠홈시스
285130,SK케미칼
285490,노바텍
285770,라이프사이언스테크놀로지
286000,씨엔티드림
286750,나노브릭
286940,롯데정보통신
287410,제이시스메디칼
288330,브릿지바이오
288490,나라소프트
288620,에스퓨얼셀
289010,아이스크림에듀
289080,SV인베스트먼트
289220,자이언트스텝
290090,트윔
290120,대유에이피
290270,휴네시온
290380,대유
290510,코리아센터
290520,신도기연
290550,디케이티
290650,엘앤씨바이오
290660,네오펙트
290670,대보마그네틱
290690,소룩스
290720,푸드나무
290740,액트로
291210,한국제7호스팩
291230,엔피
291650,압타머사이언스
293480,하나제약
293490,카카오게임즈
293580,나우IB
293780,압타바이오
293940,신한알파리츠
294090,이오플로우
294140,레몬
294570,쿠콘
294630,서남
294870,HDC현대산업개발
297090,씨에스베어링
297570,알로이스
297890,HB솔루션
298000,효성화학
298020,효성티앤씨
298040,효성중공업
298050,효성첨단소재
298060,에스씨엠생명과학
298380,에이비엘바이오
298540,더네이쳐홀딩스
298690,에어부산
298870,케이티비네트워크
299030,하나기술
299170,더블유에스아이
299480,지앤이헬스케어
299660,셀리드
299670,에스엠비나
299900,위지윅스튜디오
299910,베스파
300080,플리토
300120,라온피플
300720,한일시멘트
301300,바이브컴퍼니
302430,이노메트리
302440,SK바이오사이언스
302550,리메드
302920,더콘텐츠온
303030,지니틱스
303360,프로테옴텍
303530,이노뎁
304100,솔트룩스
304840,피플바이오
305090,마이크로디지탈
306040,에스제이그룹
306200,세아제강
306620,네온테크
307070,SK4호스팩
307160,하나머스트제6호스팩
307180,아이엘사이언스
307280,원바이오젠
307750,국전약품
307870,비투엔
307930,컴퍼니케이
307950,현대오토에버
308080,바이젠셀
308100,까스텔바작
308170,센트랄모텍
308700,테크엔
309900,티티씨디펜스
309930,오하임아이엔티
310200,애니플러스
310840,엔에이치스팩13호
310870,디와이씨
311060,엘에이티
311270,키움제5호스팩
311320,지오엘리먼트
311390,네오크레마
311690,CJ 바이오사이언스
311840,대원모방
312610,에이에프더블류
313750,유안타제4호스팩
313760,윌링스
314130,지놈앤컴퍼니
314930,바이오다인
315640,딥노이드
316140,우리금융지주
317030,케이비17호스팩
317120,라닉스
317240,TS트릴리온
317320,한화에스비아이스팩
317330,덕산테코피아
317400,자이에스앤디
317530,캐리소프트
317690,퀀타매트릭스
317770,슈프리마아이디
317830,에스피시스템스
317850,대모
317860,노드메이슨
317870,엔바이오니아
318000,한국바이오젠
318010,팜스빌
318020,포인트모바일
318410,비비씨
318660,타임기술
319400,현대무벡스
319660,피에스케이
320000,윈텍
321260,프로이천
321550,티움바이오
321820,와이더플래닛
322000,현대에너지솔루션
322180,티라유텍
322190,베른
322310,오로스테크놀로지
322510,제이엘케이
322780,코퍼스코리아
322970,무진메디
323210,이베스트이안스팩1호
323230,엠에프엠코리아
323280,신영스팩5호
323350,다원넥스뷰
323410,카카오뱅크
323940,케이비제18호스팩
323990,박셀바이오
326030,에스케이바이오팜
327260,RF머트리얼즈
327610,펨토바이오메드
327970,케어룸의료산업
328380,미래에셋대우스팩3호
329020,오션스톤
329050,구스앤홈
329180,현대중공업
329560,상상인이안제2호스팩
330350,위더스제약
330590,롯데리츠
330730,스톤브릿지벤처스
330860,네패스아크
330990,케이비제19호스팩
331380,포커스에이치엔에스
331520,교보9호스팩
331660,한국미라클피플사
331920,셀레믹스
332290,대신밸런스제7호스팩
332370,아이디피
332570,와이팜
332710,하나금융14호스팩
333050,신한제6호스팩
333430,일승
333620,엔시스
334890,이지스밸류플러스리츠
334970,프레스티지바이오로직스
335810,프리시젼바이오
335870,IBKS제12호스팩
335890,비올
336040,타스컴
336060,유안타제5호스팩
336260,두산퓨얼셀
336370,솔루스첨단소재
336570,대신밸런스제8호스팩
337450,SK5호스팩
337840,유엑스엔
337930,브랜드엑스코퍼레이션
338100,NH프라임리츠
338220,뷰노
339770,교촌에프앤비
339950,아이비김영
340120,하이제5호스팩
340350,SK6호스팩
340360,다보링크
340440,세림B&G
340570,티앤엘
340930,유일에너테크
341160,하나금융15호스팩
341310,이앤에치
342550,케이비제20호스팩
343090,단디바이오
343510,하나금융16호스팩
344050,신영스팩6호
344820,케이씨씨글라스
344860,이노진
347000,센코
347140,케이프이에스제4호
347700,라이프시맨틱스
347740,피엔케이피부임상연구센타
347770,핌스
347860,알체라
347890,엠투아이
348030,모비릭스
348150,고바이오랩
348210,넥스틴
348350,위드텍
348370,엔켐
348840,데이드림엔터
348950,제이알글로벌리츠
349720,이베스트스팩5호
350520,이지스레지던스리츠
351320,에스에이티이엔지
351330,이삭엔지니어링
351340,IBKS제13호스팩
352480,씨앤씨인터내셔널
352700,씨앤투스성진
352770,클리노믹스
352820,하이브
352910,오비고
352940,인바이오
353060,에이치엠씨제5호스팩
353070,에이치엠씨제4호스팩
353190,휴럼
353200,대덕전자
353490,미래에셋대우스팩 5호
353590,오토앤
353810,이지바이오
354200,엔젠바이오
354230,폭스소프트
355150,교보10호기업인수목적
356860,티엘비
356890,싸이버원
357120,코람코에너지리츠
357230,에이치피오
357250,미래에셋맵스리츠
357550,석경에이티
357580,아모센스
357780,솔브레인
357880,비트나인
359090,씨엔알리서치
361390,제노코
361570,알비더블유
361610,SK아이이테크놀로지
361670,삼영에스앤씨
363250,진시스템
363260,하나금융17호스팩
363280,티와이홀딩스
365270,큐라클
365550,ESR켄달스퀘어리츠
365590,엔에이치스팩18호
365900,브이씨
366330,신한제7호스팩
367000,플래티어
367340,DB금융스팩8호
367360,DB금융스팩9호
367460,유안타제7호스팩
367480,유안타제8호스팩
368770,한국9호스팩
369370,블리츠웨이
370090,퓨런티어
371950,풍원정밀
372290,하나머스트7호스팩
372800,아이티아이즈
372910,한컴라이프케어
373200,하인크코리아
373220,LG에너지솔루션
373340,유진스팩6호
375500,DL이앤씨
376180,피코그램
376190,엘비루셈
376290,씨유테크
376300,디어유
376930,노을
376980,원티드랩
377030,맥스트
377190,디앤디플랫폼리츠
377220,프롬바이오
377300,카카오페이
377330,이지트로닉스
377400,하이제6호스팩
377450,리파인
377480,마인즈랩
377630,삼성스팩4호
378850,화승알앤에이
379390,이성씨엔아이
380320,삼성머스트스팩5호
380440,엔에이치스팩19호
381970,케이카
382480,지아이텍
382800,지앤비에스엔지니어링
382840,원준
383220,F&F
383310,에코프로에이치엔
383800,LX홀딩스
386580,한화플러스제2호스팩
387310,대신밸런스제10호스팩
388220,하나금융19호스팩
388790,IBKS제16호스팩
388800,유진스팩7호
389030,지니너스
391060,엔에이치스팩20호
391710,엔에이치스팩21호
393210,토마토시스템
393360,신한제8호스팩
395400,SK리츠
396690,미래에셋글로벌리츠
396770,엔에이치스팩22호
397500,대신밸런스제11호스팩
397880,교보11호스팩
400560,하나금융20호스팩
400760,NH올원리츠
400840,하이제7호스팩
402340,SK스퀘어
402420,켈스
403360,예스피치
404950,디비금융스팩10호
404990,신한서부티엔디리츠
405350,IBKS제17호스팩
406760,하나금융21호스팩
409570,한국제10호스팩
900010,3노드디지탈
900020,코웰이홀딩스
900030,연합과기
900040,차이나그레이트
900050,중국원양자원
900070,글로벌에스엠
900080,에스앤씨엔진그룹
900090,차이나하오란
900100,애머릿지
900110,이스트아시아홀딩스
900120,씨케이에이치
900130,웨이포트
900140,엘브이엠씨
900150,성융광전투자
900180,완리
900250,크리스탈신소재
900260,로스웰
900270,헝셩그룹
900280,골든센츄리
900290,GRT
900300,오가닉티코스메틱
900310,컬러레이
900340,윙입푸드
950010,평산차업
950030,네프로아이티
950070,중국고섬
950100,SBI모기지
950110,SBI핀테크솔루션즈
950130,엑세스바이오
950140,잉글우드랩
950160,코오롱티슈진
950170,JTC
950180,SNK
950190,미투젠
950200,소마젠
950210,프레스티지바이오파마
950220,네오이뮨텍
